SimulationTime,CW
0.01,16
0.02,124
0.03,124
0.04,16
0.05,119
0.06,210
0.07,885
0.08,16
0.09,21
0.1,16
0.11,16
0.12,693
0.13,25
0.14,16
0.15,40
0.16,16
0.17,236
0.18,16
0.19,16
0.2,1024
0.21,32
0.22,16
0.23,16
0.24,25
0.25,16
0.26,62
0.27,16
0.28,24
0.29,16
0.3,45
0.31,16
0.32,57
0.33,139
0.34,43
0.35,16
0.36,19
0.37,16
0.38,16
0.39,16
0.4,67
0.41,16
0.42,39
0.43,49
0.44,16
0.45,69
0.46,591
0.47,750
0.48,82
0.49,16
0.5,16
0.51,98
0.52,133
0.53,16
0.54,417
0.55,16
0.56,273
0.57,61
0.58,19
0.59,16
0.6,16
0.61,16
0.62,16
0.63,16
0.64,16
0.65,77
0.66,16
0.67,16
0.68,1024
0.69,16
0.7,32
0.71,16
0.72,133
0.73,17
0.74,1024
0.75,40
0.76,16
0.77,16
0.78,16
0.79,74
0.8,17
0.81,16
0.82,16
0.83,16
0.84,16
0.85,49
0.86,16
0.87,40
0.88,16
0.89,108
0.9,16
0.91,28
0.92,16
0.93,524
0.94,16
0.95,54
0.96,16
0.97,16
0.98,16
0.99,16
1,16
1.01,16
1.02,16
1.03,27
1.04,16
1.05,384
1.06,16
1.07,16
1.08,181
1.09,16
1.1,1024
1.11,43
1.12,192
1.13,147
1.14,21
1.15,22
1.16,131
1.17,38
1.18,28
1.19,40
1.2,16
1.21,22
1.22,90
1.23,16
1.24,374
1.25,16
1.26,215
1.27,280
1.28,16
1.29,88
1.3,16
1.31,16
1.32,125
1.33,122
1.34,16
1.35,98
1.36,34
1.37,16
1.38,17
1.39,16
1.4,27
1.41,16
1.42,19
1.43,16
1.44,16
1.45,16
1.46,16
1.47,16
1.48,16
1.49,214
1.5,526
1.51,16
1.52,87
1.53,38
1.54,20
1.55,16
1.56,42
1.57,25
1.58,74
1.59,16
1.6,46
1.61,16
1.62,1024
1.63,16
1.64,24
1.65,66
1.66,57
1.67,16
1.68,90
1.69,16
1.7,140
1.71,16
1.72,21
1.73,219
1.74,22
1.75,28
1.76,16
1.77,16
1.78,16
1.79,16
1.8,24
1.81,16
1.82,16
1.83,16
1.84,28
1.85,16
1.86,16
1.87,74
1.88,16
1.89,16
1.9,16
1.91,39
1.92,90
1.93,16
1.94,16
1.95,16
1.96,16
1.97,262
1.98,16
1.99,161
2,722
2.01,37
2.02,16
2.03,23
2.04,271
2.05,16
2.06,25
2.07,16
2.08,323
2.09,31
2.1,231
2.11,16
2.12,435
2.13,16
2.14,16
2.15,25
2.16,81
2.17,77
2.18,16
2.19,46
2.2,25
2.21,75
2.22,16
2.23,16
2.24,16
2.25,1024
2.26,37
2.27,16
2.28,16
2.29,16
2.3,61
2.31,21
2.32,16
2.33,31
2.34,16
2.35,256
2.36,16
2.37,16
2.38,26
2.39,16
2.4,16
2.41,16
2.42,16
2.43,39
2.44,44
2.45,16
2.46,24
2.47,16
2.48,25
2.49,19
2.5,16
2.51,131
2.52,16
2.53,25
2.54,176
2.55,16
2.56,41
2.57,48
2.58,16
2.59,16
2.6,26
2.61,16
2.62,16
2.63,16
2.64,205
2.65,16
2.66,16
2.67,16
2.68,16
2.69,16
2.7,17
2.71,257
2.72,16
2.73,21
2.74,194
2.75,59
2.76,16
2.77,16
2.78,503
2.79,16
2.8,16
2.81,16
2.82,95
2.83,16
2.84,16
2.85,16
2.86,16
2.87,208
2.88,30
2.89,16
2.9,23
2.91,42
2.92,16
2.93,16
2.94,16
2.95,191
2.96,114
2.97,16
2.98,16
2.99,439
3,34
3.01,35
3.02,40
3.03,247
3.04,16
3.05,58
3.06,16
3.07,58
3.08,16
3.09,90
3.1,16
3.11,46
3.12,118
3.13,295
3.14,16
3.15,1024
3.16,100
3.17,16
3.18,87
3.19,167
3.2,16
3.21,16
3.22,16
3.23,19
3.24,193
3.25,19
3.26,25
3.27,16
3.28,17
3.29,16
3.3,16
3.31,16
3.32,17
3.33,20
3.34,29
3.35,16
3.36,16
3.37,265
3.38,16
3.39,54
3.4,23
3.41,18
3.42,16
3.43,94
3.44,18
3.45,16
3.46,401
3.47,74
3.48,173
3.49,16
3.5,17
3.51,21
3.52,338
3.53,16
3.54,16
3.55,17
3.56,16
3.57,62
3.58,16
3.59,16
3.6,16
3.61,78
3.62,75
3.63,16
3.64,16
3.65,768
3.66,16
3.67,113
3.68,16
3.69,16
3.7,462
3.71,26
3.72,159
3.73,59
3.74,694
3.75,16
3.76,66
3.77,22
3.78,40
3.79,30
3.8,85
3.81,83
3.82,211
3.83,114
3.84,16
3.85,16
3.86,150
3.87,16
3.88,64
3.89,16
3.9,100
3.91,35
3.92,16
3.93,16
3.94,116
3.95,18
3.96,429
3.97,46
3.98,16
3.99,16
4,16
4.01,16
4.02,16
4.03,291
4.04,75
4.05,25
4.06,16
4.07,16
4.08,17
4.09,16
4.1,16
4.11,819
4.12,93
4.13,19
4.14,16
4.15,16
4.16,26
4.17,16
4.18,16
4.19,63
4.2,26
4.21,16
4.22,130
4.23,28
4.24,921
4.25,16
4.26,63
4.27,16
4.28,26
4.29,20
4.3,368
4.31,65
4.32,16
4.33,32
4.34,16
4.35,508
4.36,16
4.37,16
4.38,68
4.39,16
4.4,16
4.41,122
4.42,16
4.43,16
4.44,16
4.45,19
4.46,16
4.47,732
4.48,207
4.49,20
4.5,16
4.51,16
4.52,16
4.53,16
4.54,16
4.55,16
4.56,109
4.57,21
4.58,16
4.59,16
4.6,16
4.61,191
4.62,16
4.63,71
4.64,16
4.65,16
4.66,68
4.67,16
4.68,17
4.69,48
4.7,16
4.71,17
4.72,68
4.73,187
4.74,130
4.75,16
4.76,82
4.77,26
4.78,29
4.79,16
4.8,16
4.81,164
4.82,16
4.83,20
4.84,16
4.85,16
4.86,291
4.87,16
4.88,627
4.89,17
4.9,16
4.91,16
4.92,16
4.93,18
4.94,21
4.95,16
4.96,16
4.97,16
4.98,378
4.99,16
5,649
5.01,30
5.02,24
5.03,136
5.04,16
5.05,16
5.06,28
5.07,16
5.08,16
5.09,16
5.1,134
5.11,16
5.12,16
5.13,41
5.14,16
5.15,16
5.16,16
5.17,43
5.18,16
5.19,111
5.2,16
5.21,16
5.22,28
5.23,19
5.24,25
5.25,16
5.26,16
5.27,16
5.28,1024
5.29,1003
5.3,16
5.31,16
5.32,25
5.33,16
5.34,16
5.35,16
5.36,16
5.37,46
5.38,16
5.39,50
5.4,1024
5.41,16
5.42,74
5.43,16
5.44,16
5.45,22
5.46,16
5.47,266
5.48,17
5.49,16
5.5,16
5.51,16
5.52,16
5.53,38
5.54,60
5.55,40
5.56,124
5.57,30
5.58,28
5.59,16
5.6,16
5.61,16
5.62,16
5.63,16
5.64,16
5.65,16
5.66,154
5.67,16
5.68,16
5.69,21
5.7,16
5.71,110
5.72,16
5.73,1024
5.74,154
5.75,196
5.76,18
5.77,18
5.78,16
5.79,16
5.8,27
5.81,73
5.82,16
5.83,37
5.84,28
5.85,100
5.86,16
5.87,74
5.88,16
5.89,218
5.9,16
5.91,16
5.92,131
5.93,24
5.94,54
5.95,16
5.96,16
5.97,36
5.98,106
5.99,22
6,16
6.01,121
6.02,120
6.03,16
6.04,49
6.05,302
6.06,16
6.07,16
6.08,47
6.09,16
6.1,16
6.11,45
6.12,157
6.13,47
6.14,16
6.15,16
6.16,51
6.17,16
6.18,39
6.19,42
6.2,30
6.21,16
6.22,16
6.23,16
6.24,16
6.25,50
6.26,16
6.27,16
6.28,337
6.29,25
6.3,16
6.31,16
6.32,36
6.33,80
6.34,26
6.35,16
6.36,16
6.37,71
6.38,55
6.39,44
6.4,16
6.41,78
6.42,16
6.43,560
6.44,26
6.45,232
6.46,158
6.47,16
6.48,16
6.49,1024
6.5,160
6.51,16
6.52,16
6.53,16
6.54,16
6.55,27
6.56,62
6.57,283
6.58,16
6.59,16
6.6,169
6.61,16
6.62,16
6.63,16
6.64,16
6.65,16
6.66,27
6.67,16
6.68,16
6.69,16
6.7,16
6.71,16
6.72,36
6.73,101
6.74,16
6.75,16
6.76,81
6.77,16
6.78,69
6.79,91
6.8,16
6.81,16
6.82,23
6.83,49
6.84,16
6.85,16
6.86,16
6.87,16
6.88,16
6.89,16
6.9,31
6.91,16
6.92,16
6.93,16
6.94,44
6.95,79
6.96,16
6.97,16
6.98,21
6.99,25
7,16
7.01,16
7.02,16
7.03,67
7.04,140
7.05,16
7.06,160
7.07,16
7.08,16
7.09,27
7.1,16
7.11,23
7.12,113
7.13,158
7.14,16
7.15,29
7.16,16
7.17,146
7.18,16
7.19,16
7.2,16
7.21,123
7.22,23
7.23,62
7.24,16
7.25,16
7.26,49
7.27,55
7.28,22
7.29,80
7.3,30
7.31,16
7.32,16
7.33,36
7.34,16
7.35,104
7.36,68
7.37,16
7.38,16
7.39,16
7.4,16
7.41,26
7.42,16
7.43,16
7.44,16
7.45,16
7.46,16
7.47,16
7.48,16
7.49,16
7.5,25
7.51,16
7.52,16
7.53,1024
7.54,16
7.55,32
7.56,37
7.57,16
7.58,16
7.59,953
7.6,16
7.61,16
7.62,16
7.63,16
7.64,34
7.65,16
7.66,36
7.67,111
7.68,402
7.69,16
7.7,16
7.71,16
7.72,16
7.73,42
7.74,16
7.75,116
7.76,16
7.77,16
7.78,16
7.79,16
7.8,16
7.81,46
7.82,16
7.83,16
7.84,24
7.85,19
7.86,1024
7.87,16
7.88,190
7.89,16
7.9,53
7.91,16
7.92,44
7.93,16
7.94,46
7.95,34
7.96,19
7.97,43
7.98,133
7.99,91
8,435
8.01,192
8.02,158
8.03,16
8.04,33
8.05,16
8.06,123
8.07,16
8.08,40
8.09,16
8.1,163
8.11,122
8.12,16
8.13,16
8.14,16
8.15,16
8.16,16
8.17,16
8.18,124
8.19,35
8.2,16
8.21,109
8.22,16
8.23,16
8.24,65
8.25,16
8.26,16
8.27,102
8.28,16
8.29,19
8.3,31
8.31,17
8.32,16
8.33,16
8.34,16
8.35,16
8.36,16
8.37,35
8.38,16
8.39,23
8.4,16
8.41,50
8.42,65
8.43,16
8.44,166
8.45,22
8.46,16
8.47,16
8.48,16
8.49,16
8.5,31
8.51,22
8.52,604
8.53,35
8.54,33
8.55,29
8.56,188
8.57,40
8.58,16
8.59,16
8.6,16
8.61,16
8.62,39
8.63,16
8.64,16
8.65,60
8.66,20
8.67,16
8.68,136
8.69,19
8.7,16
8.71,16
8.72,16
8.73,173
8.74,56
8.75,90
8.76,843
8.77,16
8.78,29
8.79,17
8.8,161
8.81,45
8.82,16
8.83,288
8.84,16
8.85,45
8.86,16
8.87,16
8.88,62
8.89,16
8.9,136
8.91,100
8.92,725
8.93,89
8.94,75
8.95,16
8.96,16
8.97,16
8.98,103
8.99,16
9,136
9.01,21
9.02,16
9.03,83
9.04,16
9.05,16
9.06,16
9.07,16
9.08,159
9.09,16
9.1,88
9.11,148
9.12,227
9.13,77
9.14,847
9.15,60
9.16,42
9.17,1024
9.18,120
9.19,637
9.2,16
9.21,16
9.22,16
9.23,279
9.24,224
9.25,16
9.26,16
9.27,16
9.28,16
9.29,253
9.3,16
9.31,270
9.32,73
9.33,666
9.34,16
9.35,16
9.36,16
9.37,16
9.38,16
9.39,16
9.4,232
9.41,21
9.42,55
9.43,78
9.44,16
9.45,16
9.46,16
9.47,24
9.48,1024
9.49,33
9.5,86
9.51,16
9.52,16
9.53,16
9.54,56
9.55,16
9.56,16
9.57,16
9.58,27
9.59,16
9.6,47
9.61,16
9.62,19
9.63,16
9.64,58
9.65,36
9.66,19
9.67,43
9.68,874
9.69,16
9.7,16
9.71,16
9.72,16
9.73,82
9.74,16
9.75,16
9.76,34
9.77,68
9.78,16
9.79,117
9.8,141
9.81,16
9.82,16
9.83,16
9.84,16
9.85,16
9.86,70
9.87,59
9.88,16
9.89,16
9.9,16
9.91,171
9.92,39
9.93,40
9.94,17
9.95,16
9.96,139
9.97,54
9.98,16
9.99,16
10,46
10.01,85
10.02,16
10.03,68
10.04,332
10.05,16
10.06,16
10.07,45
10.08,17
10.09,16
10.1,20
10.11,16
10.12,16
10.13,16
10.14,30
10.15,16
10.16,16
10.17,174
10.18,52
10.19,63
10.2,153
10.21,23
10.22,16
10.23,65
10.24,16
10.25,16
10.26,16
10.27,16
10.28,16
10.29,21
10.3,16
10.31,16
10.32,16
10.33,86
10.34,16
10.35,26
10.36,57
10.37,16
10.38,21
10.39,16
10.4,16
10.41,16
10.42,16
10.43,16
10.44,16
10.45,33
10.46,18
10.47,16
10.48,182
10.49,16
10.5,49
10.51,16
10.52,70
10.53,16
10.54,16
10.55,30
10.56,38
10.57,87
10.58,44
10.59,16
10.6,16
10.61,30
10.62,61
10.63,16
10.64,16
10.65,18
10.66,21
10.67,16
10.68,16
10.69,50
10.7,16
10.71,61
10.72,16
10.73,24
10.74,91
10.75,258
10.76,16
10.77,252
10.78,16
10.79,44
10.8,56
10.81,26
10.82,22
10.83,16
10.84,107
10.85,16
10.86,32
10.87,66
10.88,21
10.89,16
10.9,16
10.91,98
10.92,104
10.93,73
10.94,16
10.95,528
10.96,16
10.97,1024
10.98,18
10.99,104
11,39
11.01,16
11.02,21
11.03,16
11.04,16
11.05,37
11.06,16
11.07,507
11.08,16
11.09,74
11.1,16
11.11,42
11.12,29
11.13,16
11.14,16
11.15,64
11.16,92
11.17,16
11.18,16
11.19,16
11.2,16
11.21,19
11.22,23
11.23,26
11.24,17
11.25,68
11.26,16
11.27,28
11.28,1008
11.29,16
11.3,16
11.31,16
11.32,16
11.33,17
11.34,33
11.35,76
11.36,45
11.37,95
11.38,16
11.39,16
11.4,16
11.41,16
11.42,41
11.43,595
11.44,16
11.45,39
11.46,124
11.47,16
11.48,16
11.49,16
11.5,307
11.51,16
11.52,16
11.53,16
11.54,19
11.55,29
11.56,16
11.57,260
11.58,16
11.59,16
11.6,16
11.61,16
11.62,16
11.63,16
11.64,17
11.65,1024
11.66,309
11.67,84
11.68,32
11.69,16
11.7,16
11.71,16
11.72,16
11.73,16
11.74,16
11.75,16
11.76,16
11.77,36
11.78,52
11.79,16
11.8,52
11.81,16
11.82,16
11.83,16
11.84,16
11.85,423
11.86,16
11.87,27
11.88,16
11.89,75
11.9,16
11.91,91
11.92,17
11.93,36
11.94,16
11.95,80
11.96,16
11.97,16
11.98,118
11.99,16
12,41
12.01,17
12.02,253
12.03,58
12.04,996
12.05,16
12.06,16
12.07,16
12.08,16
12.09,16
12.1,31
12.11,99
12.12,16
12.13,16
12.14,16
12.15,16
12.16,16
12.17,510
12.18,16
12.19,451
12.2,16
12.21,16
12.22,16
12.23,16
12.24,456
12.25,19
12.26,16
12.27,207
12.28,16
12.29,77
12.3,16
12.31,22
12.32,246
12.33,69
12.34,172
12.35,16
12.36,16
12.37,133
12.38,25
12.39,37
12.4,36
12.41,93
12.42,360
12.43,16
12.44,16
12.45,28
12.46,16
12.47,33
12.48,21
12.49,114
12.5,16
12.51,16
12.52,26
12.53,16
12.54,16
12.55,16
12.56,16
12.57,16
12.58,32
12.59,16
12.6,218
12.61,16
12.62,71
12.63,16
12.64,20
12.65,16
12.66,27
12.67,43
12.68,16
12.69,22
12.7,16
12.71,22
12.72,580
12.73,190
12.74,54
12.75,51
12.76,16
12.77,81
12.78,343
12.79,202
12.8,16
12.81,20
12.82,16
12.83,16
12.84,197
12.85,16
12.86,88
12.87,16
12.88,16
12.89,16
12.9,16
12.91,16
12.92,97
12.93,16
12.94,17
12.95,325
12.96,16
12.97,16
12.98,16
12.99,16
13,30
13.01,30
13.02,16
13.03,138
13.04,51
13.05,16
13.06,16
13.07,21
13.08,16
13.09,138
13.1,16
13.11,316
13.12,388
13.13,16
13.14,16
13.15,387
13.16,1024
13.17,16
13.18,16
13.19,16
13.2,16
13.21,41
13.22,27
13.23,16
13.24,728
13.25,16
13.26,16
13.27,185
13.28,348
13.29,97
13.3,18
13.31,16
13.32,33
13.33,16
13.34,16
13.35,16
13.36,68
13.37,27
13.38,141
13.39,45
13.4,16
13.41,865
13.42,16
13.43,16
13.44,31
13.45,16
13.46,16
13.47,19
13.48,16
13.49,18
13.5,16
13.51,20
13.52,441
13.53,16
13.54,125
13.55,17
13.56,16
13.57,16
13.58,22
13.59,16
13.6,181
13.61,16
13.62,16
13.63,74
13.64,16
13.65,16
13.66,22
13.67,33
13.68,43
13.69,16
13.7,16
13.71,16
13.72,16
13.73,35
13.74,18
13.75,16
13.76,21
13.77,16
13.78,24
13.79,16
13.8,18
13.81,16
13.82,16
13.83,16
13.84,16
13.85,16
13.86,16
13.87,16
13.88,16
13.89,16
13.9,16
13.91,23
13.92,159
13.93,58
13.94,16
13.95,16
13.96,25
13.97,447
13.98,16
13.99,137
14,16
14.01,16
14.02,16
14.03,16
14.04,221
14.05,529
14.06,16
14.07,16
14.08,16
14.09,57
14.1,16
14.11,16
14.12,46
14.13,365
14.14,16
14.15,18
14.16,64
14.17,70
14.18,16
14.19,16
14.2,18
14.21,16
14.22,16
14.23,59
14.24,16
14.25,16
14.26,16
14.27,31
14.28,16
14.29,200
14.3,16
14.31,16
14.32,16
14.33,16
14.34,1024
14.35,16
14.36,80
14.37,16
14.38,16
14.39,19
14.4,738
14.41,16
14.42,16
14.43,16
14.44,94
14.45,86
14.46,16
14.47,16
14.48,19
14.49,16
14.5,16
14.51,16
14.52,16
14.53,30
14.54,16
14.55,168
14.56,16
14.57,16
14.58,16
14.59,47
14.6,108
14.61,16
14.62,16
14.63,16
14.64,16
14.65,16
14.66,147
14.67,16
14.68,16
14.69,27
14.7,16
14.71,16
14.72,16
14.73,16
14.74,44
14.75,31
14.76,137
14.77,810
14.78,96
14.79,16
14.8,16
14.81,16
14.82,16
14.83,16
14.84,16
14.85,271
14.86,34
14.87,16
14.88,16
14.89,240
14.9,16
14.91,16
14.92,27
14.93,214
14.94,17
14.95,19
14.96,16
14.97,16
14.98,16
14.99,16
15,16
15.01,16
15.02,16
15.03,16
15.04,16
15.05,34
15.06,90
15.07,43
15.08,17
15.09,16
15.1,61
15.11,28
15.12,546
15.13,16
15.14,16
15.15,16
15.16,38
15.17,16
15.18,37
15.19,16
15.2,16
15.21,16
15.22,16
15.23,17
15.24,23
15.25,16
15.26,98
15.27,16
15.28,32
15.29,16
15.3,355
15.31,126
15.32,112
15.33,16
15.34,33
15.35,16
15.36,16
15.37,16
15.38,16
15.39,51
15.4,25
15.41,53
15.42,16
15.43,45
15.44,16
15.45,168
15.46,16
15.47,16
15.48,16
15.49,16
15.5,16
15.51,16
15.52,41
15.53,100
15.54,16
15.55,16
15.56,18
15.57,16
15.58,16
15.59,16
15.6,48
15.61,16
15.62,130
15.63,76
15.64,35
15.65,140
15.66,39
15.67,26
15.68,16
15.69,98
15.7,40
15.71,16
15.72,79
15.73,1024
15.74,25
15.75,16
15.76,16
15.77,16
15.78,16
15.79,16
15.8,16
15.81,16
15.82,16
15.83,16
15.84,16
15.85,16
15.86,16
15.87,16
15.88,55
15.89,63
15.9,16
15.91,16
15.92,16
15.93,1024
15.94,36
15.95,19
15.96,23
15.97,58
15.98,65
15.99,60
16,18
16.01,16
16.02,279
16.03,529
16.04,153
16.05,24
16.06,16
16.07,43
16.08,16
16.09,204
16.1,47
16.11,26
16.12,16
16.13,56
16.14,16
16.15,66
16.16,16
16.17,16
16.18,16
16.19,23
16.2,236
16.21,16
16.22,16
16.23,16
16.24,16
16.25,86
16.26,16
16.27,16
16.28,57
16.29,80
16.3,38
16.31,74
16.32,16
16.33,16
16.34,199
16.35,17
16.36,16
16.37,38
16.38,139
16.39,16
16.4,16
16.41,20
16.42,16
16.43,225
16.44,25
16.45,16
16.46,16
16.47,25
16.48,16
16.49,16
16.5,16
16.51,44
16.52,48
16.53,16
16.54,16
16.55,74
16.56,72
16.57,323
16.58,28
16.59,142
16.6,16
16.61,125
16.62,89
16.63,187
16.64,16
16.65,16
16.66,129
16.67,39
16.68,16
16.69,16
16.7,16
16.71,16
16.72,16
16.73,48
16.74,16
16.75,16
16.76,37
16.77,16
16.78,17
16.79,16
16.8,16
16.81,18
16.82,16
16.83,16
16.84,16
16.85,16
16.86,75
16.87,52
16.88,20
16.89,218
16.9,128
16.91,16
16.92,381
16.93,45
16.94,61
16.95,155
16.96,16
16.97,16
16.98,16
16.99,16
17,160
17.01,16
17.02,16
17.03,16
17.04,68
17.05,16
17.06,35
17.07,16
17.08,16
17.09,16
17.1,16
17.11,16
17.12,28
17.13,16
17.14,342
17.15,37
17.16,32
17.17,40
17.18,16
17.19,17
17.2,112
17.21,17
17.22,16
17.23,178
17.24,16
17.25,16
17.26,16
17.27,16
17.28,16
17.29,109
17.3,1024
17.31,16
17.32,16
17.33,16
17.34,16
17.35,320
17.36,16
17.37,16
17.38,16
17.39,129
17.4,16
17.41,16
17.42,16
17.43,16
17.44,58
17.45,16
17.46,16
17.47,16
17.48,38
17.49,60
17.5,253
17.51,44
17.52,50
17.53,16
17.54,16
17.55,16
17.56,1024
17.57,16
17.58,16
17.59,42
17.6,16
17.61,16
17.62,16
17.63,144
17.64,16
17.65,16
17.66,16
17.67,86
17.68,16
17.69,16
17.7,16
17.71,39
17.72,16
17.73,485
17.74,16
17.75,22
17.76,146
17.77,55
17.78,16
17.79,17
17.8,16
17.81,287
17.82,16
17.83,168
17.84,155
17.85,16
17.86,24
17.87,93
17.88,16
17.89,16
17.9,16
17.91,16
17.92,50
17.93,47
17.94,145
17.95,1024
17.96,16
17.97,81
17.98,16
17.99,195
18,821
18.01,249
18.02,208
18.03,16
18.04,16
18.05,61
18.06,24
18.07,16
18.08,16
18.09,16
18.1,16
18.11,16
18.12,23
18.13,16
18.14,16
18.15,16
18.16,16
18.17,16
18.18,39
18.19,16
18.2,69
18.21,561
18.22,16
18.23,16
18.24,16
18.25,170
18.26,16
18.27,16
18.28,329
18.29,16
18.3,22
18.31,16
18.32,35
18.33,16
18.34,17
18.35,16
18.36,18
18.37,610
18.38,34
18.39,22
18.4,21
18.41,16
18.42,16
18.43,16
18.44,16
18.45,16
18.46,65
18.47,16
18.48,16
18.49,16
18.5,16
18.51,56
18.52,61
18.53,16
18.54,29
18.55,48
18.56,16
18.57,16
18.58,16
18.59,16
18.6,108
18.61,16
18.62,16
18.63,33
18.64,16
18.65,134
18.66,16
18.67,16
18.68,180
18.69,16
18.7,16
18.71,70
18.72,16
18.73,16
18.74,16
18.75,21
18.76,16
18.77,168
18.78,16
18.79,16
18.8,16
18.81,25
18.82,16
18.83,16
18.84,16
18.85,16
18.86,37
18.87,16
18.88,16
18.89,16
18.9,16
18.91,312
18.92,16
18.93,28
18.94,16
18.95,16
18.96,189
18.97,16
18.98,16
18.99,16
19,414
19.01,16
19.02,16
19.03,16
19.04,998
19.05,16
19.06,16
19.07,33
19.08,16
19.09,18
19.1,16
19.11,29
19.12,16
19.13,17
19.14,1024
19.15,20
19.16,176
19.17,16
19.18,33
19.19,16
19.2,821
19.21,46
19.22,281
19.23,23
19.24,56
19.25,16
19.26,16
19.27,1024
19.28,16
19.29,16
19.3,16
19.31,103
19.32,16
19.33,16
19.34,16
19.35,60
19.36,285
19.37,38
19.38,16
19.39,16
19.4,69
19.41,16
19.42,61
19.43,32
19.44,16
19.45,85
19.46,16
19.47,16
19.48,613
19.49,16
19.5,22
19.51,16
19.52,76
19.53,16
19.54,16
19.55,16
19.56,26
19.57,33
19.58,16
19.59,16
19.6,154
19.61,144
19.62,16
19.63,16
19.64,16
19.65,16
19.66,16
19.67,16
19.68,28
19.69,51
19.7,16
19.71,38
19.72,16
19.73,16
19.74,16
19.75,176
19.76,16
19.77,37
19.78,16
19.79,16
19.8,21
19.81,292
19.82,66
19.83,1024
19.84,16
19.85,53
19.86,16
19.87,16
19.88,85
19.89,74
19.9,16
19.91,16
19.92,16
19.93,16
19.94,16
19.95,27
19.96,78
19.97,16
19.98,63
19.99,54
20,129
20.01,381
20.02,16
20.03,55
20.04,34
20.05,16
20.06,1024
20.07,16
20.08,268
20.09,38
20.1,249
20.11,93
20.12,16
20.13,16
20.14,16
20.15,16
20.16,16
20.17,37
20.18,203
20.19,175
20.2,94
20.21,16
20.22,16
20.23,16
20.24,16
20.25,211
20.26,195
20.27,16
20.28,247
20.29,29
20.3,16
20.31,151
20.32,16
20.33,16
20.34,82
20.35,16
20.36,16
20.37,16
20.38,41
20.39,16
20.4,16
20.41,16
20.42,17
20.43,16
20.44,16
20.45,16
20.46,16
20.47,16
20.48,81
20.49,16
20.5,36
20.51,240
20.52,49
20.53,16
20.54,125
20.55,16
20.56,16
20.57,16
20.58,59
20.59,16
20.6,16
20.61,16
20.62,16
20.63,16
20.64,44
20.65,16
20.66,148
20.67,16
20.68,581
20.69,16
20.7,28
20.71,26
20.72,214
20.73,129
20.74,26
20.75,1024
20.76,16
20.77,16
20.78,16
20.79,28
20.8,74
20.81,16
20.82,1024
20.83,72
20.84,16
20.85,20
20.86,16
20.87,16
20.88,16
20.89,36
20.9,16
20.91,16
20.92,1024
20.93,74
20.94,16
20.95,16
20.96,25
20.97,16
20.98,16
20.99,16
21,16
21.01,103
21.02,42
21.03,51
21.04,16
21.05,16
21.06,117
21.07,97
21.08,56
21.09,24
21.1,16
21.11,63
21.12,16
21.13,58
21.14,16
21.15,45
21.16,23
21.17,109
21.18,964
21.19,30
21.2,16
21.21,16
21.22,69
21.23,25
21.24,16
21.25,43
21.26,16
21.27,16
21.28,16
21.29,17
21.3,78
21.31,16
21.32,16
21.33,16
21.34,27
21.35,26
21.36,16
21.37,170
21.38,24
21.39,16
21.4,16
21.41,123
21.42,16
21.43,16
21.44,16
21.45,167
21.46,41
21.47,16
21.48,235
21.49,16
21.5,16
21.51,16
21.52,48
21.53,16
21.54,18
21.55,16
21.56,16
21.57,18
21.58,16
21.59,17
21.6,42
21.61,16
21.62,114
21.63,16
21.64,55
21.65,16
21.66,143
21.67,16
21.68,16
21.69,38
21.7,32
21.71,105
21.72,16
21.73,58
21.74,41
21.75,16
21.76,16
21.77,138
21.78,16
21.79,41
21.8,17
21.81,38
21.82,16
21.83,16
21.84,16
21.85,44
21.86,39
21.87,209
21.88,26
21.89,42
21.9,52
21.91,16
21.92,16
21.93,16
21.94,16
21.95,36
21.96,16
21.97,16
21.98,35
21.99,18
22,16
22.01,16
22.02,20
22.03,49
22.04,16
22.05,32
22.06,16
22.07,16
22.08,71
22.09,272
22.1,16
22.11,16
22.12,119
22.13,54
22.14,70
22.15,161
22.16,16
22.17,16
22.18,144
22.19,16
22.2,16
22.21,633
22.22,16
22.23,16
22.24,66
22.25,16
22.26,83
22.27,27
22.28,20
22.29,83
22.3,16
22.31,16
22.32,103
22.33,86
22.34,16
22.35,459
22.36,16
22.37,16
22.38,149
22.39,33
22.4,32
22.41,16
22.42,16
22.43,16
22.44,17
22.45,16
22.46,16
22.47,16
22.48,16
22.49,16
22.5,16
22.51,17
22.52,1024
22.53,1024
22.54,16
22.55,86
22.56,405
22.57,37
22.58,16
22.59,23
22.6,36
22.61,28
22.62,16
22.63,84
22.64,660
22.65,186
22.66,236
22.67,16
22.68,81
22.69,16
22.7,16
22.71,100
22.72,16
22.73,18
22.74,16
22.75,16
22.76,16
22.77,83
22.78,80
22.79,16
22.8,37
22.81,1024
22.82,16
22.83,16
22.84,24
22.85,16
22.86,16
22.87,16
22.88,16
22.89,16
22.9,37
22.91,27
22.92,214
22.93,67
22.94,64
22.95,29
22.96,98
22.97,16
22.98,16
22.99,57
23,59
23.01,16
23.02,16
23.03,16
23.04,16
23.05,16
23.06,21
23.07,16
23.08,124
23.09,130
23.1,16
23.11,16
23.12,111
23.13,16
23.14,16
23.15,25
23.16,16
23.17,90
23.18,16
23.19,94
23.2,60
23.21,16
23.22,23
23.23,57
23.24,47
23.25,59
23.26,16
23.27,16
23.28,86
23.29,16
23.3,16
23.31,94
23.32,17
23.33,16
23.34,16
23.35,162
23.36,17
23.37,128
23.38,16
23.39,16
23.4,61
23.41,99
23.42,35
23.43,16
23.44,30
23.45,1024
23.46,16
23.47,16
23.48,16
23.49,140
23.5,203
23.51,16
23.52,16
23.53,16
23.54,16
23.55,23
23.56,53
23.57,16
23.58,130
23.59,16
23.6,35
23.61,32
23.62,32
23.63,16
23.64,93
23.65,16
23.66,23
23.67,16
23.68,16
23.69,46
23.7,25
23.71,16
23.72,27
23.73,51
23.74,26
23.75,117
23.76,16
23.77,16
23.78,20
23.79,16
23.8,105
23.81,16
23.82,16
23.83,16
23.84,16
23.85,286
23.86,16
23.87,16
23.88,93
23.89,16
23.9,451
23.91,16
23.92,16
23.93,16
23.94,16
23.95,17
23.96,52
23.97,25
23.98,27
23.99,16
24,16
24.01,1024
24.02,86
24.03,188
24.04,16
24.05,16
24.06,16
24.07,16
24.08,61
24.09,18
24.1,473
24.11,16
24.12,16
24.13,16
24.14,16
24.15,107
24.16,20
24.17,16
24.18,16
24.19,26
24.2,128
24.21,48
24.22,32
24.23,16
24.24,16
24.25,16
24.26,16
24.27,646
24.28,45
24.29,16
24.3,16
24.31,16
24.32,16
24.33,1024
24.34,319
24.35,64
24.36,30
24.37,16
24.38,16
24.39,412
24.4,71
24.41,16
24.42,16
24.43,256
24.44,18
24.45,32
24.46,89
24.47,16
24.48,20
24.49,16
24.5,167
24.51,16
24.52,16
24.53,16
24.54,16
24.55,16
24.56,16
24.57,16
24.58,16
24.59,16
24.6,663
24.61,16
24.62,16
24.63,20
24.64,30
24.65,16
24.66,16
24.67,252
24.68,461
24.69,19
24.7,23
24.71,16
24.72,16
24.73,145
24.74,16
24.75,16
24.76,205
24.77,1024
24.78,16
24.79,121
24.8,16
24.81,16
24.82,16
24.83,65
24.84,33
24.85,75
24.86,30
24.87,40
24.88,546
24.89,16
24.9,83
24.91,16
24.92,53
24.93,486
24.94,16
24.95,28
24.96,16
24.97,42
24.98,28
24.99,90
25,16
25.01,71
25.02,269
25.03,33
25.04,36
25.05,85
25.06,16
25.07,750
25.08,64
25.09,16
25.1,16
25.11,272
25.12,25
25.13,504
25.14,18
25.15,16
25.16,16
25.17,16
25.18,30
25.19,16
25.2,16
25.21,16
25.22,16
25.23,16
25.24,16
25.25,16
25.26,16
25.27,145
25.28,44
25.29,16
25.3,35
25.31,707
25.32,16
25.33,16
25.34,16
25.35,16
25.36,1024
25.37,16
25.38,251
25.39,24
25.4,16
25.41,16
25.42,16
25.43,227
25.44,174
25.45,16
25.46,16
25.47,61
25.48,16
25.49,74
25.5,53
25.51,16
25.52,16
25.53,16
25.54,16
25.55,16
25.56,1024
25.57,16
25.58,566
25.59,144
25.6,17
25.61,16
25.62,16
25.63,16
25.64,250
25.65,16
25.66,16
25.67,47
25.68,318
25.69,16
25.7,1024
25.71,16
25.72,19
25.73,16
25.74,16
25.75,16
25.76,16
25.77,35
25.78,1024
25.79,16
25.8,46
25.81,16
25.82,16
25.83,533
25.84,27
25.85,16
25.86,21
25.87,16
25.88,16
25.89,16
25.9,16
25.91,16
25.92,33
25.93,16
25.94,16
25.95,49
25.96,16
25.97,16
25.98,16
25.99,16
26,314
26.01,16
26.02,49
26.03,16
26.04,16
26.05,16
26.06,16
26.07,78
26.08,16
26.09,16
26.1,16
26.11,137
26.12,16
26.13,127
26.14,16
26.15,23
26.16,16
26.17,16
26.18,16
26.19,303
26.2,110
26.21,34
26.22,16
26.23,65
26.24,16
26.25,62
26.26,16
26.27,16
26.28,16
26.29,130
26.3,16
26.31,16
26.32,250
26.33,16
26.34,23
26.35,34
26.36,16
26.37,16
26.38,16
26.39,18
26.4,476
26.41,290
26.42,61
26.43,16
26.44,61
26.45,16
26.46,211
26.47,1024
26.48,16
26.49,16
26.5,63
26.51,16
26.52,93
26.53,16
26.54,42
26.55,21
26.56,142
26.57,16
26.58,16
26.59,19
26.6,1024
26.61,90
26.62,23
26.63,66
26.64,16
26.65,16
26.66,16
26.67,16
26.68,16
26.69,89
26.7,16
26.71,16
26.72,16
26.73,16
26.74,16
26.75,16
26.76,16
26.77,16
26.78,55
26.79,201
26.8,464
26.81,54
26.82,16
26.83,16
26.84,16
26.85,16
26.86,32
26.87,19
26.88,165
26.89,16
26.9,16
26.91,21
26.92,16
26.93,16
26.94,28
26.95,16
26.96,46
26.97,16
26.98,16
26.99,16
27,83
27.01,16
27.02,16
27.03,40
27.04,127
27.05,24
27.06,16
27.07,16
27.08,16
27.09,92
27.1,20
27.11,16
27.12,232
27.13,16
27.14,37
27.15,16
27.16,25
27.17,16
27.18,1024
27.19,200
27.2,93
27.21,876
27.22,24
27.23,16
27.24,278
27.25,124
27.26,16
27.27,16
27.28,189
27.29,58
27.3,16
27.31,21
27.32,57
27.33,222
27.34,80
27.35,70
27.36,16
27.37,16
27.38,16
27.39,16
27.4,57
27.41,36
27.42,16
27.43,16
27.44,16
27.45,16
27.46,159
27.47,108
27.48,20
27.49,16
27.5,16
27.51,53
27.52,16
27.53,17
27.54,16
27.55,16
27.56,48
27.57,16
27.58,16
27.59,16
27.6,16
27.61,81
27.62,16
27.63,16
27.64,16
27.65,27
27.66,16
27.67,32
27.68,35
27.69,176
27.7,16
27.71,217
27.72,41
27.73,16
27.74,16
27.75,108
27.76,16
27.77,181
27.78,16
27.79,24
27.8,16
27.81,169
27.82,16
27.83,16
27.84,1024
27.85,44
27.86,16
27.87,16
27.88,84
27.89,32
27.9,16
27.91,110
27.92,16
27.93,166
27.94,26
27.95,24
27.96,16
27.97,264
27.98,16
27.99,308
28,16
28.01,149
28.02,44
28.03,16
28.04,16
28.05,121
28.06,23
28.07,16
28.08,28
28.09,16
28.1,16
28.11,104
28.12,16
28.13,16
28.14,16
28.15,21
28.16,230
28.17,16
28.18,16
28.19,20
28.2,42
28.21,126
28.22,21
28.23,83
28.24,16
28.25,78
28.26,16
28.27,16
28.28,31
28.29,16
28.3,16
28.31,16
28.32,16
28.33,16
28.34,16
28.35,16
28.36,16
28.37,18
28.38,16
28.39,16
28.4,16
28.41,16
28.42,132
28.43,16
28.44,16
28.45,16
28.46,16
28.47,16
28.48,16
28.49,16
28.5,16
28.51,804
28.52,16
28.53,80
28.54,16
28.55,16
28.56,16
28.57,16
28.58,19
28.59,17
28.6,75
28.61,1024
28.62,16
28.63,16
28.64,20
28.65,16
28.66,717
28.67,16
28.68,16
28.69,998
28.7,44
28.71,16
28.72,1024
28.73,21
28.74,19
28.75,16
28.76,50
28.77,57
28.78,151
28.79,16
28.8,21
28.81,16
28.82,16
28.83,17
28.84,16
28.85,193
28.86,23
28.87,31
28.88,90
28.89,16
28.9,362
28.91,40
28.92,16
28.93,16
28.94,16
28.95,16
28.96,16
28.97,16
28.98,475
28.99,16
29,608
29.01,124
29.02,16
29.03,45
29.04,44
29.05,27
29.06,106
29.07,123
29.08,35
29.09,16
29.1,16
29.11,16
29.12,56
29.13,121
29.14,16
29.15,16
29.16,16
29.17,16
29.18,16
29.19,92
29.2,30
29.21,16
29.22,16
29.23,16
29.24,234
29.25,16
29.26,51
29.27,16
29.28,97
29.29,16
29.3,16
29.31,16
29.32,16
29.33,16
29.34,16
29.35,16
29.36,16
29.37,16
29.38,16
29.39,57
29.4,20
29.41,34
29.42,16
29.43,16
29.44,16
29.45,32
29.46,19
29.47,21
29.48,16
29.49,40
29.5,127
29.51,16
29.52,485
29.53,16
29.54,138
29.55,334
29.56,16
29.57,42
29.58,16
29.59,94
29.6,16
29.61,16
29.62,26
29.63,17
29.64,19
29.65,16
29.66,62
29.67,16
29.68,45
29.69,72
29.7,16
29.71,95
29.72,16
29.73,16
29.74,16
29.75,16
29.76,213
29.77,110
29.78,16
29.79,855
29.8,19
29.81,22
29.82,208
29.83,42
29.84,399
29.85,20
29.86,16
29.87,622
29.88,63
29.89,19
29.9,16
29.91,16
29.92,59
29.93,25
29.94,16
29.95,16
29.96,16
29.97,16
29.98,25
29.99,16
30,16
30.01,28
30.02,38
30.03,16
30.04,71
30.05,16
30.06,16
30.07,16
30.08,16
30.09,19
30.1,16
30.11,16
30.12,131
30.13,20
30.14,16
30.15,16
30.16,162
30.17,16
30.18,16
30.19,16
30.2,16
30.21,16
30.22,16
30.23,16
30.24,17
30.25,16
30.26,16
30.27,27
30.28,16
30.29,16
30.3,20
30.31,16
30.32,104
30.33,16
30.34,16
30.35,16
30.36,26
30.37,16
30.38,175
30.39,16
30.4,127
30.41,16
30.42,16
30.43,16
30.44,16
30.45,16
30.46,16
30.47,16
30.48,22
30.49,16
30.5,16
30.51,29
30.52,16
30.53,22
30.54,16
30.55,32
30.56,227
30.57,88
30.58,16
30.59,38
30.6,16
30.61,20
30.62,16
30.63,16
30.64,16
30.65,28
30.66,290
30.67,16
30.68,16
30.69,57
30.7,16
30.71,104
30.72,196
30.73,16
30.74,23
30.75,45
30.76,16
30.77,16
30.78,81
30.79,16
30.8,16
30.81,994
30.82,16
30.83,1024
30.84,19
30.85,20
30.86,38
30.87,16
30.88,179
30.89,33
30.9,16
30.91,16
30.92,16
30.93,16
30.94,57
30.95,32
30.96,16
30.97,151
30.98,46
30.99,124
31,16
31.01,16
31.02,78
31.03,16
31.04,16
31.05,16
31.06,16
31.07,744
31.08,16
31.09,16
31.1,93
31.11,16
31.12,20
31.13,71
31.14,32
31.15,29
31.16,16
31.17,1024
31.18,51
31.19,20
31.2,16
31.21,28
31.22,16
31.23,153
31.24,58
31.25,18
31.26,75
31.27,32
31.28,27
31.29,16
31.3,16
31.31,29
31.32,16
31.33,16
31.34,127
31.35,16
31.36,16
31.37,107
31.38,18
31.39,16
31.4,16
31.41,16
31.42,16
31.43,652
31.44,16
31.45,16
31.46,85
31.47,16
31.48,27
31.49,16
31.5,197
31.51,16
31.52,16
31.53,36
31.54,16
31.55,16
31.56,16
31.57,48
31.58,16
31.59,35
31.6,19
31.61,16
31.62,16
31.63,221
31.64,324
31.65,37
31.66,20
31.67,16
31.68,45
31.69,16
31.7,23
31.71,16
31.72,16
31.73,18
31.74,16
31.75,16
31.76,16
31.77,50
31.78,16
31.79,1024
31.8,16
31.81,16
31.82,16
31.83,16
31.84,163
31.85,47
31.86,18
31.87,124
31.88,1024
31.89,16
31.9,16
31.91,16
31.92,16
31.93,22
31.94,16
31.95,16
31.96,70
31.97,16
31.98,56
31.99,37
32,52
32.01,37
32.02,16
32.03,16
32.04,16
32.05,16
32.06,16
32.07,52
32.08,29
32.09,19
32.1,16
32.11,71
32.12,16
32.13,16
32.14,60
32.15,16
32.16,27
32.17,16
32.18,53
32.19,16
32.2,16
32.21,145
32.22,85
32.23,16
32.24,16
32.25,154
32.26,181
32.27,16
32.28,16
32.29,92
32.3,16
32.31,16
32.32,16
32.33,1024
32.34,68
32.35,73
32.36,795
32.37,169
32.38,16
32.39,16
32.4,19
32.41,16
32.42,16
32.43,16
32.44,17
32.45,17
32.46,27
32.47,16
32.48,16
32.49,172
32.5,30
32.51,16
32.52,16
32.53,16
32.54,43
32.55,16
32.56,59
32.57,62
32.58,53
32.59,30
32.6,40
32.61,83
32.62,16
32.63,34
32.64,102
32.65,41
32.66,16
32.67,16
32.68,25
32.69,201
32.7,43
32.71,108
32.72,47
32.73,102
32.74,20
32.75,335
32.76,25
32.77,16
32.78,20
32.79,49
32.8,81
32.81,16
32.82,29
32.83,51
32.84,16
32.85,101
32.86,16
32.87,205
32.88,16
32.89,16
32.9,16
32.91,26
32.92,23
32.93,16
32.94,16
32.95,16
32.96,16
32.97,16
32.98,16
32.99,135
33,63
33.01,73
33.02,16
33.03,16
33.04,33
33.05,75
33.06,20
33.07,34
33.08,16
33.09,182
33.1,78
33.11,18
33.12,16
33.13,16
33.14,16
33.15,225
33.16,21
33.17,16
33.18,24
33.19,228
33.2,277
33.21,16
33.22,16
33.23,16
33.24,142
33.25,16
33.26,17
33.27,74
33.28,82
33.29,16
33.3,46
33.31,16
33.32,16
33.33,37
33.34,201
33.35,16
33.36,16
33.37,16
33.38,16
33.39,16
33.4,16
33.41,42
33.42,16
33.43,16
33.44,26
33.45,16
33.46,16
33.47,16
33.48,16
33.49,30
33.5,16
33.51,16
33.52,236
33.53,153
33.54,22
33.55,16
33.56,57
33.57,39
33.58,240
33.59,16
33.6,21
33.61,16
33.62,141
33.63,37
33.64,56
33.65,16
33.66,378
33.67,16
33.68,32
33.69,16
33.7,358
33.71,145
33.72,16
33.73,21
33.74,16
33.75,16
33.76,200
33.77,26
33.78,33
33.79,16
33.8,16
33.81,46
33.82,25
33.83,16
33.84,571
33.85,16
33.86,16
33.87,16
33.88,16
33.89,16
33.9,365
33.91,16
33.92,16
33.93,51
33.94,26
33.95,16
33.96,16
33.97,78
33.98,29
33.99,16
34,62
34.01,205
34.02,39
34.03,16
34.04,53
34.05,16
34.06,16
34.07,16
34.08,21
34.09,16
34.1,90
34.11,16
34.12,106
34.13,16
34.14,17
34.15,20
34.16,29
34.17,45
34.18,23
34.19,40
34.2,1024
34.21,16
34.22,38
34.23,53
34.24,16
34.25,22
34.26,361
34.27,240
34.28,19
34.29,16
34.3,16
34.31,19
34.32,17
34.33,1024
34.34,16
34.35,133
34.36,17
34.37,16
34.38,54
34.39,179
34.4,38
34.41,16
34.42,224
34.43,21
34.44,16
34.45,237
34.46,16
34.47,840
34.48,16
34.49,16
34.5,16
